-- insert admin (username a, password aa)
INSERT INTO IWUser (id, enabled, roles, username, password)
VALUES (1, TRUE, 'ADMIN,USER', 'a',
    '{bcrypt}$2a$10$2BpNTbrsarbHjNsUWgzfNubJqBRf.0Vz9924nRSHBqlbPKerkgX.W');
INSERT INTO IWUser (id, enabled, roles, username, password)
VALUES (2, TRUE, 'USER', 'b',
    '{bcrypt}$2a$10$2BpNTbrsarbHjNsUWgzfNubJqBRf.0Vz9924nRSHBqlbPKerkgX.W');

-- start id numbering from a value that is larger than any assigned above
ALTER SEQUENCE "PUBLIC"."GEN" RESTART WITH 1024;



INSERT INTO Product (id, ean, name, brand, quantity) VALUES
(1, '8410000000012', 'Leche Semidesnatada', 'Alcampo', '1L'),
(2, '8410000000013', 'Leche Entera', 'Alcampo', '1L'),
(3, '8410000000003', 'Arroz Integral 1kg', 'SOS', '1kg'),
(4, '8410000000004', 'Pasta Penne 500g', 'Pasta', '500g'),
(5, '8410000000005', 'Tomate Frito Receta Artesana', 'Artesano', '400g'),
(6, '8410000000006', 'Aceite de Oliva Virgen 1L', 'Hacendado', '1L'),
(7, '8410000000007', 'Atún en Aceite de Oliva', 'Calvo', 'Pack 3'),
(8, '8410000000008', 'Pan de Molde Sin Corteza', 'Bimbo', '450g'),
(9, '8410000000009', 'Huevos Camperos L', 'Granja', '12u'),
(10, '8410000000010', 'Yogur Griego Natural', 'Danone', 'Pack 6'),
(11, '8410000000011', 'Manzana Fuji Bolsa', 'Fruta', '1.5kg'),
(12, '8410000000014', 'Plátano de Canarias', 'Extra', '1kg'),
(13, '8410000000015', 'Pollo Entero de Corral', 'Cárnico', '2kg'),
(14, '8410000000016', 'Detergente Líquido', 'Activo', '40 lav'),
(15, '8410000000017', 'Champú Nutritivo', 'Garnier', '400ml'),
(16, '8410000000018', 'Papel Higiénico Doble', 'Scottex', '12 rollos'),
(17, '8410000000019', 'Cerveza Lager', 'Mahou', 'Pack 12'),
(18, '8410000000020', 'Refresco de Naranja', 'Fanta', '2L'),
(19, '8410000000021', 'Galletas Digestive', 'Fontaneda', '800g'),
(20, '8410000000022', 'Café en Grano Natural', 'Marcilla', '500g'),
(21, '8410000000023', 'Harina de Trigo', 'Repostería', '1kg'),
(22, '8410000000024', 'Azúcar Blanco', 'Azucarera', '1kg'),
(23, '8410000000025', 'Sal Fina de Mesa', 'Salina', '1kg'),
(24, '8410000000026', 'Garbanzos Cocidos', 'Frasco', '400g'),
(25, '8410000000027', 'Lentejas Pardinas', 'Legumbres', '1kg'),
(26, '8410000000028', 'Judías Verdes', 'Congelado', '1kg'),
(27, '8410000000029', 'Guisantes Extra Finos', 'Verdura', '500g'),
(28, '8410000000030', 'Maíz Dulce', 'Gigante', 'Pack 3'),
(29, '8410000000031', 'Pimientos del Piquillo', 'Conservas', '250g'),
(30, '8410000000032', 'Espárragos Blancos', 'Gruesos', '500g'),
(31, '8410000000033', 'Mermelada de Fresa', 'Hero', '350g'),
(32, '8410000000034', 'Mantequilla con Sal', 'Arias', '250g'),
(33, '8410000000035', 'Queso Manchego', 'Cuña', '300g'),
(34, '8410000000036', 'Jamón Cocido Lonchas', 'El Pozo', '200g'),
(35, '8410000000037', 'Pechuga de Pavo', 'Lonchas', '200g'),
(36, '8410000000038', 'Chorizo Dulce', 'Sarta', '250g'),
(37, '8410000000039', 'Salchichas Frankfurt', 'Oscar', 'Pack 6'),
(38, '8410000000040', 'Pizza Cuatro Quesos', 'Casa Tarradellas', '400g'),
(39, '8410000000041', 'Patatas Fritas Bolsa', 'Lay''s', '170g'),
(40, '8410000000042', 'Chocolate Almendras', 'Nestlé', '200g'),
(41, '8410000000043', 'Cacao Soluble', 'ColaCao', '1kg'),
(42, '8410000000044', 'Cereales de Maíz', 'Kellogg''s', '500g'),
(43, '8410000000045', 'Barritas de Muesli', 'Muesli', 'Pack 6'),
(44, '8410000000046', 'Zumo de Piña y Coco', 'Zumo', '1L'),
(45, '8410000000047', 'Agua Mineral Natural', 'Bezoya', '1.5L'),
(46, '8410000000048', 'Vino Tinto Rioja', 'Crianza', '75cl'),
(47, '8410000000047', 'Lavavajillas Mano', 'Fairy', '750ml'),
(48, '8410000000050', 'Suavizante Azul', 'Mimosín', '1.5L'),
(49, '8410000000051', 'Limpiacristales', 'Cristasol', '750ml'),
(50, '8410000000052', 'Bolsas de Basura', 'Doméstico', '30L'),
(51, '8410000000053', 'Pastillas Lavavajillas', 'Finish', '30u'),
(52, '8410000000054', 'Gel de Baño Familiar', 'Moussel', '1L'),
(53, '8410000000055', 'Pasta de Dientes', 'Colgate', '75ml'),
(54, '8410000000056', 'Desodorante Roll-on', 'Nivea', '50ml'),
(55, '8410000000057', 'Papel de Cocina', 'Absorbente', '2 rollos'),
(56, '8410000000058', 'Servilletas de Papel', 'Papel', '100u'),
(57, '8410000000059', 'Mayonesa Clásica', 'Hellmann''s', '450ml'),
(58, '8410000000060', 'Kétchup Antigoteo', 'Heinz', '400g'),
(59, '8410000000061', 'Mostaza Original', 'Prima', '250g'),
(60, '8410000000062', 'Aceitunas Rellenas', 'La Española', '150g'),
(61, '8410000000063', 'Vinagre de Manzana', 'Aliño', '500ml'),
(62, '8410000000064', 'Salmón Ahumado', 'Noruego', '100g'),
(63, '8410000000065', 'Gambas Peladas', 'Congelado', '400g'),
(64, '8410000000066', 'Varitas de Pescado', 'Pescanova', '10u'),
(65, '8410000000067', 'Lomo de Cerdo Adobado', 'Carnicería', '500g'),
(66, '8410000000068', 'Carne Picada Mix', 'Vacuno/Cerdo', '500g'),
(67, '8410000000069', 'Filetes de Ternera', 'Extra', '400g'),
(68, '8410000000070', 'Cebollas Bolsa', 'Verdura', '2kg'),
(69, '8410000000071', 'Ajos Malla', 'Huerta', '3 cabezas'),
(70, '8410000000072', 'Zanahorias Bolsa', 'Huerta', '1kg'),
(71, '8410000000073', 'Patatas Saco', 'Huerta', '5kg'),
(72, '8410000000074', 'Lechuga Iceberg', 'Fresca', '1u'),
(73, '8410000000075', 'Tomate Ensalada', 'Huerta', '1kg'),
(74, '8410000000076', 'Pepino Unidad', 'Fresca', '1u'),
(75, '8410000000077', 'Calabacín', 'Huerta', '1kg'),
(76, '8410000000078', 'Berenjena Unidad', 'Huerta', '1u'),
(77, '8410000000079', 'Pimientos Verdes', 'Fritura', '500g'),
(78, '8410000000080', 'Limones Malla', 'Citrus', '1kg'),
(79, '8410000000081', 'Naranjas de Mesa', 'Citrus', '3kg'),
(80, '8410000000082', 'Pera Conferencia', 'Fruta', '1kg'),
(81, '8410000000083', 'Uva Blanca Sin Semilla', 'Fruta', '500g'),
(82, '8410000000084', 'Kiwi Zespri Green', 'Zespri', '1kg'),
(83, '8410000000085', 'Fresas Bandeja', 'Fruta', '500g'),
(84, '8410000000086', 'Piña Natural', 'Extra', '1u'),
(85, '8410000000087', 'Melón Piel de Sapo', 'Fruta', '3kg'),
(86, '8410000000088', 'Sandía Sin Semillas', 'Fruta', '4kg'),
(87, '8410000000089', 'Magdalenas Caseras', 'Pastelería', '12u'),
(88, '8410000000090', 'Croissants Mantequilla', 'Pack', '4u'),
(89, '8410000000091', 'Bizcocho de Mármol', 'Repostería', '400g'),
(90, '8410000000092', 'Donas de Azúcar', 'Pack', '4u'),
(91, '8410000000093', 'Nata para Montar', 'Lácteo', '200ml'),
(92, '8410000000094', 'Nata para Cocinar', 'Lácteo', '200ml'),
(93, '8410000000095', 'Queso Rallado Emmental', 'President', '150g'),
(94, '8410000000096', 'Queso Crema Untar', 'Philadelphia', '200g'),
(95, '8410000000097', 'Quesitos Porciones', 'La Vaca', '16u'),
(96, '8410000000098', 'Flan de Huevo', 'Danone', 'Pack 4'),
(97, '8410000000099', 'Natillas Vainilla', 'Danet', '4u'),
(98, '8410000000100', 'Arroz con Leche', 'Postre', '2u'),
(99, '8410000000101', 'Gelatina de Fresas', 'Royal', 'Pack 6'),
(100, '8410000000102', 'Hummus de Garbanzos', 'Fresco', '200g'),
(101, '8410000000103', 'Guacamole Fresco', 'Fresco', '200g'),
(102, '8410000000104', 'Gazpacho Fresco', 'Alvalle', '1L'),
(103, '8410000000105', 'Salmorejo Cordobés', 'García', '1L'),
(104, '8410000000106', 'Tortilla Patatas Cebolla', 'Cocina', '600g'),
(105, '8410000000107', 'Lasaña Boloñesa', 'Precocinado', '400g'),
(106, '8410000000108', 'Canelones de Carne', 'Precocinado', '400g'),
(107, '8410000000109', 'Nuggets de Pollo', 'Congelado', '300g'),
(108, '8410000000110', 'Croquetas de Jamón', 'Congelado', '500g'),
(109, '8410000000111', 'Empanada de Atún', 'Panadería', '500g'),
(110, '8410000000112', 'Caldo de Pollo', 'Gallina Blanca', '1L'),
(111, '8410000000113', 'Crema de Calabaza', 'Knorr', '500ml'),
(112, '8410000000114', 'Sopa de Estrellitas', 'Knorr', '1L'),
(113, '8410000000115', 'Puré de Patatas', 'Maggi', '115g'),
(114, '8410000000116', 'Fideos Sabor Pollo', 'Yatekomo', '60g'),
(115, '8410000000117', 'Salsa de Soja', 'Kikkoman', '250ml'),
(116, '8410000000118', 'Leche de Coco', 'Oriental', '400ml'),
(117, '8410000000119', 'Alga Nori', 'Oriental', '5 lám.'),
(118, '8410000000120', 'Wasabi en Pasta', 'Oriental', '43g'),
(119, '8410000000121', 'Pan Rallado Crujiente', 'Pan', '250g'),
(120, '8410000000122', 'Colorante Alimentario', 'Especies', '10g'),
(121, '8410000000123', 'Canela en Polvo', 'Especies', '50g'),
(122, '8410000000124', 'Orégano Seco', 'Especies', '20g'),
(123, '8410000000125', 'Perejil Picado', 'Especies', '10g'),
(124, '8410000000126', 'Pimentón de la Vera', 'Dulcinea', '75g'),
(125, '8410000000127', 'Sal Maldon', 'Sal', '125g'),
(126, '8410000000128', 'Miel Milflores', 'Granja', '500g'),
(127, '8410000000129', 'Sirope de Ágave', 'Eco', '250ml'),
(128, '8410000000130', 'Membrillo Dulce', 'Dulce', '400g'),
(129, '8410000000131', 'Nueces Peladas', 'Frutos Secos', '200g'),
(130, '8410000000132', 'Almendras Tostadas', 'Frutos Secos', '150g'),
(131, '8410000000133', 'Pistachos Tostados', 'Frutos Secos', '150g'),
(132, '8410000000134', 'Cacahuetes Fritos', 'Frutos Secos', '200g'),
(133, '8410000000135', 'Pasas de Corinto', 'Frutos Secos', '200g'),
(134, '8410000000136', 'Dátiles Deshuesados', 'Frutos Secos', '250g'),
(135, '8410000000137', 'Orejones Albaricoque', 'Frutos Secos', '200g'),
(136, '8410000000138', 'Palomitas Maíz', 'Pack', '3u'),
(137, '8410000000139', 'Gusanitos Horneados', 'Snack', '100g'),
(138, '8410000000140', 'Nachos Naturales', 'Snack', '150g'),
(139, '8410000000141', 'Salsa Dip Cheese', 'Salsa', '300g'),
(140, '8410000000142', 'Picos de Pan', 'Panadería', '250g'),
(141, '8410000000143', 'Regañás Sésamo', 'Panadería', '200g'),
(142, '8410000000144', 'Tortitas de Arroz', 'Sano', '150g'),
(143, '8410000000145', 'Té Verde Limón', 'Hornimans', '20u'),
(144, '8410000000146', 'Infusión Manzanilla', 'Hornimans', '20u'),
(145, '8410000000147', 'Poleo Menta', 'Hornimans', '20u'),
(146, '8410000000148', 'Cápsulas Café Intenso', 'Nespresso', '10u'),
(147, '8410000000149', 'Café Soluble', 'Nescafé', '200g'),
(148, '8410000000150', 'Horchata de Chufa', 'Chufi', '1L'),
(149, '8410000000151', 'Bebida de Avena', 'Alpro', '1L'),
(150, '8410000000152', 'Bebida de Soja', 'Alpro', '1L'),
(151, '8410000000153', 'Bebida Almendras', 'Alpro', '1L'),
(152, '8410000000154', 'Vino Blanco Rueda', 'Blanco', '75cl'),
(153, '8410000000155', 'Vino Rosado Afrutado', 'Rosado', '75cl'),
(154, '8410000000156', 'Sidra Asturiana', 'Trabanco', '70cl'),
(155, '8410000000157', 'Vermouth Tinto', 'Martini', '1L'),
(156, '8410000000158', 'Ginebra Premium', 'Beefeater', '70cl'),
(157, '8410000000159', 'Ron Añejo', 'Barceló', '70cl'),
(158, '8410000000160', 'Whisky Escocés', 'J&B', '70cl'),
(159, '8410000000161', 'Tónica Original', 'Schweppes', 'Pack 6'),
(160, '8410000000162', 'Gaseosa Tradicional', 'Casera', '1.5L'),
(161, '8410000000163', 'Quitagrasas Limón', 'KH-7', '750ml'),
(162, '8410000000164', 'Fregasuelos Perfumado', 'Tenn', '1.5L'),
(163, '8410000000165', 'Amoniaco Perfumado', 'Limpieza', '1L'),
(164, '8410000000166', 'Lejía Blanca', 'Conejo', '2L'),
(165, '8410000000167', 'Insecticida Multihogar', 'Raid', '400ml'),
(166, '8410000000168', 'Ambientador Eléctrico', 'AirWick', 'Recambio'),
(167, '8410000000169', 'Velas Vainilla', 'Hogar', '2u'),
(168, '8410000000170', 'Papel Aluminio', 'Albal', '30m'),
(169, '8410000000171', 'Film Transparente', 'Albal', '50m'),
(170, '8410000000172', 'Papel de Horno', 'Albal', '20m'),
(171, '8410000000173', 'Estropajo Fibra', 'Scotch', 'Pack 3'),
(172, '8410000000174', 'Bayetas Multiusos', 'Spontex', 'Pack 3'),
(173, '8410000000175', 'Guantes Látex', 'Vileda', 'Talla M'),
(174, '8410000000176', 'Esponja de Baño', 'Suave', '1u'),
(175, '8410000000177', 'Jabón de Manos', 'Palmolive', '300ml'),
(176, '8410000000178', 'Enjuague Bucal', 'Listerine', '500ml'),
(177, '8410000000179', 'Cuchillas Afeitar', 'Gillette', '5u'),
(178, '8410000000180', 'Espuma Afeitar', 'Gillette', '250ml'),
(179, '8410000000181', 'Compresas Noche', 'Evax', '10u'),
(180, '8410000000182', 'Tampones Súper', 'Tampax', '16u'),
(181, '8410000000183', 'Salvaslips Normal', 'Carefree', '40u'),
(182, '8410000000184', 'Toallitas Bebé', 'Dodot', '72u'),
(183, '8410000000185', 'Pañales Talla 4', 'Dodot', '50u'),
(184, '8410000000186', 'Comida Gatos Buey', 'Friskies', '2kg'),
(185, '8410000000187', 'Pienso Perros Adulto', 'Purina', '4kg'),
(186, '8410000000188', 'Arena Gatos', 'Sanicat', '5kg'),
(187, '8410000000189', 'Snacks Dental Perro', 'Dentastix', 'Pack'),
(188, '8410000000190', 'Bombilla LED E27', 'Philips', '10W'),
(189, '8410000000191', 'Pilas Alcalinas AA', 'Duracell', 'Pack 4'),
(190, '8410000000192', 'Mechero Cocina', 'Largo', '1u'),
(191, '8410000000193', 'Carbón Vegetal', 'Barbacoa', '3kg'),
(192, '8410000000194', 'Pastillas Encendido', 'Fuego', '32u'),
(193, '8410000000195', 'Sustrato Universal', 'Plantas', '10L'),
(194, '8410000000196', 'Fertilizante Plantas', 'Compo', '500ml'),
(195, '8410000000197', 'Vaso Reutilizable', 'Hogar', '1u'),
(196, '8410000000198', 'Platos Cartón', 'Eco', '10u'),
(197, '8410000000199', 'Cubiertos Madera', 'Eco', '12u'),
(198, '8410000000200', 'Cepillo Dientes Bambú', 'Eco', '1u'),
(199, '8410000000201', 'Bolsas Reutilizables', 'Compra', '1u'),
(200, '8410000000202', 'Mascarillas Pack 10', 'Salud', '10u'),
(201, '8410000000203', 'Alcohol Sanitario', 'Salud', '250ml'),
(202, '8410000000204', 'Algodón en Zig-zag', 'Salud', '100g');

INSERT INTO Supermarket (id, name, info) VALUES 
(1, 'Mercadona', 'Supermercado de confianza'),
(2, 'Carrefour', 'Supermercado de confianza'),
(3, 'Lidl', 'Supermercado de confianza'),
(4, 'Dia', 'Supermercado de confianza'),
(5, 'Alcampo', 'Supermercado de confianza');
INSERT INTO Product_Supermarket (id, price, date, product_id, supermarket_id) VALUES 
(1, 1.5, '2024-06-01', 1, 1),
(2, 1.6, '2024-06-01', 1, 2),
(3, 1.4, '2024-06-01', 1, 3),
(4, 1.4, '2024-06-01', 1, 4),
(5, 1.4, '2024-06-01', 2, 5),
(6, 1.4, '2024-06-01', 2, 1),
(7, 1.19, '2024-06-02', 3, 3),
(8, 0.95, '2024-06-02', 4, 2), 
(9, 0.89, '2024-06-02', 4, 4),
(10, 0.75, '2024-06-02', 5, 1), 
(11, 0.80, '2024-06-02', 5, 2), 
(12, 0.72, '2024-06-02', 5, 5),
(13, 8.50, '2024-06-02', 6, 1), 
(14, 8.95, '2024-06-02', 6, 2),
(15, 2.10, '2024-06-02', 7, 3), 
(16, 2.30, '2024-06-02', 7, 5),
(17, 1.45, '2024-06-02', 8, 1), 
(18, 1.60, '2024-06-02', 8, 2),
(19, 3.20, '2024-06-02', 9, 3), 
(20, 3.45, '2024-06-02', 9, 4),
(21, 1.10, '2024-06-02', 10, 1), 
(22, 1.15, '2024-06-02', 10, 5),
(23, 1.85, '2024-06-02', 11, 2), 
(24, 1.70, '2024-06-02', 11, 4),
(25, 2.40, '2024-06-02', 12, 1), 
(26, 2.50, '2024-06-02', 12, 3),
(27, 6.50, '2024-06-02', 13, 2), 
(28, 6.75, '2024-06-02', 13, 5),
(29, 12.30, '2024-06-02', 14, 1), 
(30, 11.90, '2024-06-02', 14, 4),
(31, 3.25, '2024-06-02', 15, 2), 
(32, 3.10, '2024-06-02', 15, 3),
(33, 4.50, '2024-06-02', 16, 1), 
(34, 4.20, '2024-06-02', 16, 5),
(35, 7.80, '2024-06-02', 17, 2), 
(36, 7.50, '2024-06-02', 17, 3),
(37, 1.30, '2024-06-02', 18, 4), 
(38, 1.25, '2024-06-02', 18, 5),
(39, 1.90, '2024-06-02', 19, 1), 
(40, 2.10, '2024-06-02', 19, 2),
(41, 4.50, '2024-06-02', 20, 3), 
(42, 4.80, '2024-06-02', 20, 5),
(43, 0.95, '2024-06-02', 21, 1), 
(44, 0.88, '2024-06-02', 21, 4),
(45, 1.10, '2024-06-02', 22, 2), 
(46, 1.15, '2024-06-02', 22, 5),
(47, 0.60, '2024-06-02', 23, 1), 
(48, 0.55, '2024-06-02', 23, 3),
(49, 1.40, '2024-06-02', 24, 2), 
(50, 1.35, '2024-06-02', 24, 4),
(51, 2.20, '2024-06-02', 25, 3), 
(52, 2.30, '2024-06-02', 25, 5),
(53, 1.50, '2024-06-02', 26, 1), 
(54, 1.65, '2024-06-02', 26, 2),
(55, 1.10, '2024-06-02', 27, 3), 
(56, 1.05, '2024-06-02', 27, 4),
(57, 1.25, '2024-06-02', 28, 5), 
(58, 1.20, '2024-06-02', 28, 1),
(59, 1.80, '2024-06-02', 29, 2), 
(60, 1.75, '2024-06-02', 29, 3),
(61, 3.50, '2024-06-02', 30, 4), 
(62, 3.65, '2024-06-02', 30, 5),
(63, 1.95, '2024-06-02', 31, 1), 
(64, 2.10, '2024-06-02', 31, 2),
(65, 2.50, '2024-06-02', 32, 3), 
(66, 2.40, '2024-06-02', 32, 4),
(67, 4.90, '2024-06-02', 33, 5), 
(68, 5.10, '2024-06-02', 33, 1),
(69, 2.30, '2024-06-02', 34, 2), 
(70, 2.25, '2024-06-02', 34, 3),
(71, 1.85, '2024-06-02', 35, 4), 
(72, 1.95, '2024-06-02', 35, 5),
(73, 3.20, '2024-06-02', 36, 1), 
(74, 3.10, '2024-06-02', 36, 2),
(75, 1.50, '2024-06-02', 37, 3), 
(76, 1.45, '2024-06-02', 37, 4),
(77, 3.95, '2024-06-02', 38, 5), 
(78, 4.10, '2024-06-02', 38, 1),
(79, 1.15, '2024-06-02', 39, 2), 
(80, 1.20, '2024-06-02', 39, 3),
(81, 2.80, '2024-06-02', 40, 4), 
(82, 2.95, '2024-06-02', 40, 5),
(83, 3.50, '2024-06-02', 41, 1), 
(84, 3.40, '2024-06-02', 41, 2),
(85, 2.65, '2024-06-02', 42, 3), 
(86, 2.75, '2024-06-02', 42, 4),
(87, 1.75, '2024-06-02', 43, 5), 
(88, 1.80, '2024-06-02', 43, 1),
(89, 1.45, '2024-06-02', 44, 2), 
(90, 1.40, '2024-06-02', 44, 3),
(91, 0.70, '2024-06-02', 45, 4), 
(92, 0.65, '2024-06-02', 45, 5),
(93, 7.50, '2024-06-02', 46, 1), 
(94, 7.80, '2024-06-02', 46, 2),
(95, 2.30, '2024-06-02', 47, 3), 
(96, 2.15, '2024-06-02', 47, 4),
(97, 3.40, '2024-06-02', 48, 5), 
(98, 3.60, '2024-06-02', 48, 1),
(99, 1.85, '2024-06-02', 49, 2), 
(100, 1.95, '2024-06-02', 49, 3),
(101, 2.10, '2024-06-02', 50, 4), 
(102, 2.00, '2024-06-02', 50, 5),
(103, 9.50, '2024-06-02', 51, 1), 
(104, 9.95, '2024-06-02', 51, 2),
(105, 1.75, '2024-06-02', 52, 3), 
(106, 1.80, '2024-06-02', 52, 4),
(107, 2.90, '2024-06-02', 53, 5), 
(108, 2.85, '2024-06-02', 53, 1),
(109, 2.20, '2024-06-02', 54, 2), 
(110, 2.30, '2024-06-02', 54, 3),
(111, 1.65, '2024-06-02', 55, 4), 
(112, 1.55, '2024-06-02', 55, 5),
(113, 0.90, '2024-06-02', 56, 1), 
(114, 0.95, '2024-06-02', 56, 2),
(115, 1.45, '2024-06-02', 57, 3), 
(116, 1.50, '2024-06-02', 57, 4),
(117, 1.25, '2024-06-02', 58, 5), 
(118, 1.30, '2024-06-02', 58, 1),
(119, 0.85, '2024-06-02', 59, 2), 
(120, 0.90, '2024-06-02', 59, 3),
(121, 1.15, '2024-06-02', 60, 4), 
(122, 1.10, '2024-06-02', 60, 5),
(123, 1.40, '2024-06-02', 61, 1), 
(124, 1.35, '2024-06-02', 61, 2),
(125, 4.50, '2024-06-02', 62, 3), 
(126, 4.75, '2024-06-02', 62, 4),
(127, 8.90, '2024-06-02', 63, 5), 
(128, 9.20, '2024-06-02', 63, 1),
(129, 3.20, '2024-06-02', 64, 2), 
(130, 3.10, '2024-06-02', 64, 3),
(131, 5.50, '2024-06-02', 65, 4), 
(132, 5.65, '2024-06-02', 65, 5),
(133, 6.20, '2024-06-02', 66, 1), 
(134, 6.40, '2024-06-02', 66, 2),
(135, 14.50, '2024-06-02', 67, 3), 
(136, 14.95, '2024-06-02', 67, 4),
(137, 1.80, '2024-06-02', 68, 5), 
(138, 1.70, '2024-06-02', 68, 1),
(139, 0.95, '2024-06-02', 69, 2), 
(140, 0.90, '2024-06-02', 69, 3),
(141, 1.25, '2024-06-02', 70, 4), 
(142, 1.30, '2024-06-02', 70, 5),
(143, 4.50, '2024-06-02', 71, 1), 
(144, 4.20, '2024-06-02', 71, 2),
(145, 0.99, '2024-06-02', 72, 3), 
(146, 1.10, '2024-06-02', 72, 4),
(147, 1.85, '2024-06-02', 73, 5), 
(148, 1.95, '2024-06-02', 73, 1),
(149, 0.75, '2024-06-02', 74, 2), 
(150, 0.80, '2024-06-02', 74, 3),
(151, 1.40, '2024-06-02', 75, 4), 
(152, 1.50, '2024-06-02', 75, 5),
(153, 1.20, '2024-06-02', 76, 1), 
(154, 1.15, '2024-06-02', 76, 2),
(155, 1.65, '2024-06-02', 77, 3), 
(156, 1.70, '2024-06-02', 77, 4),
(157, 1.30, '2024-06-02', 78, 5), 
(158, 1.40, '2024-06-02', 78, 1),
(159, 3.50, '2024-06-02', 79, 2), 
(160, 3.75, '2024-06-02', 79, 3),
(161, 1.80, '2024-06-02', 80, 4), 
(162, 1.70, '2024-06-02', 80, 5),
(163, 2.50, '2024-06-02', 81, 1), 
(164, 2.65, '2024-06-02', 81, 2),
(165, 2.20, '2024-06-02', 82, 3), 
(166, 2.10, '2024-06-02', 82, 4),
(167, 3.40, '2024-06-02', 83, 5), 
(168, 3.60, '2024-06-02', 83, 1),
(169, 1.95, '2024-06-02', 84, 2), 
(170, 2.05, '2024-06-02', 84, 3),
(171, 3.80, '2024-06-02', 85, 4), 
(172, 3.60, '2024-06-02', 85, 5),
(173, 4.20, '2024-06-02', 86, 1), 
(174, 4.50, '2024-06-02', 86, 2),
(175, 1.50, '2024-06-02', 87, 3), 
(176, 1.60, '2024-06-02', 87, 4),
(177, 2.10, '2024-06-02', 88, 5), 
(178, 2.25, '2024-06-02', 88, 1),
(179, 3.95, '2024-06-02', 89, 2), 
(180, 4.10, '2024-06-02', 89, 3),
(181, 2.50, '2024-06-02', 90, 4), 
(182, 2.40, '2024-06-02', 90, 5),
(183, 1.10, '2024-06-02', 91, 1), 
(184, 1.20, '2024-06-02', 91, 2),
(185, 0.95, '2024-06-02', 92, 3), 
(186, 1.00, '2024-06-02', 92, 4),
(187, 1.35, '2024-06-02', 93, 5), 
(188, 1.45, '2024-06-02', 93, 1),
(189, 2.10, '2024-06-02', 94, 2), 
(190, 2.20, '2024-06-02', 94, 3),
(191, 1.80, '2024-06-02', 95, 4), 
(192, 1.70, '2024-06-02', 95, 5),
(193, 1.40, '2024-06-02', 96, 1), 
(194, 1.50, '2024-06-02', 96, 2),
(195, 1.10, '2024-06-02', 97, 3), 
(196, 1.15, '2024-06-02', 97, 4),
(197, 1.25, '2024-06-02', 98, 5), 
(198, 1.30, '2024-06-02', 98, 1),
(199, 1.60, '2024-06-02', 99, 2), 
(200, 1.55, '2024-06-02', 99, 3),
(201, 1.95, '2024-06-02', 100, 4), 
(202, 2.10, '2024-06-02', 100, 5),
(203, 2.50, '2024-06-02', 101, 1), 
(204, 2.40, '2024-06-02', 101, 2),
(205, 3.20, '2024-06-02', 102, 3), 
(206, 3.10, '2024-06-02', 102, 4),
(207, 2.95, '2024-06-02', 103, 5), 
(208, 3.05, '2024-06-02', 103, 1),
(209, 3.50, '2024-06-02', 104, 2), 
(210, 3.65, '2024-06-02', 104, 3),
(211, 4.20, '2024-06-02', 105, 4), 
(212, 4.40, '2024-06-02', 105, 5),
(213, 3.80, '2024-06-02', 106, 1), 
(214, 3.90, '2024-06-02', 106, 2),
(215, 2.50, '2024-06-02', 107, 3), 
(216, 2.65, '2024-06-02', 107, 4),
(217, 3.15, '2024-06-02', 108, 5), 
(218, 3.30, '2024-06-02', 108, 1),
(219, 4.95, '2024-06-02', 109, 2), 
(220, 5.20, '2024-06-02', 109, 3),
(221, 1.10, '2024-06-02', 110, 4), 
(222, 1.20, '2024-06-02', 110, 5),
(223, 2.15, '2024-06-02', 111, 1), 
(224, 2.30, '2024-06-02', 111, 2),
(225, 0.95, '2024-06-02', 112, 3), 
(226, 1.05, '2024-06-02', 112, 4),
(227, 1.45, '2024-06-02', 113, 5), 
(228, 1.35, '2024-06-02', 113, 1),
(229, 0.85, '2024-06-02', 114, 2), 
(230, 0.95, '2024-06-02', 114, 3),
(231, 2.50, '2024-06-02', 115, 4), 
(232, 2.65, '2024-06-02', 115, 5),
(233, 2.10, '2024-06-02', 116, 1), 
(234, 2.25, '2024-06-02', 116, 2),
(235, 3.50, '2024-06-02', 117, 3), 
(236, 3.40, '2024-06-02', 117, 4),
(237, 2.20, '2024-06-02', 118, 5), 
(238, 2.10, '2024-06-02', 118, 1),
(239, 0.95, '2024-06-02', 119, 2), 
(240, 1.05, '2024-06-02', 119, 3),
(241, 1.50, '2024-06-02', 120, 4), 
(242, 1.45, '2024-06-02', 120, 5),
(243, 1.25, '2024-06-02', 121, 1), 
(244, 1.35, '2024-06-02', 121, 2),
(245, 0.85, '2024-06-02', 122, 3), 
(246, 0.95, '2024-06-02', 122, 4),
(247, 0.75, '2024-06-02', 123, 5), 
(248, 0.80, '2024-06-02', 123, 1),
(249, 1.65, '2024-06-02', 124, 2), 
(250, 1.80, '2024-06-02', 124, 3),
(251, 2.10, '2024-06-02', 125, 4), 
(252, 2.25, '2024-06-02', 125, 5),
(253, 3.40, '2024-06-02', 126, 1), 
(254, 3.65, '2024-06-02', 126, 2),
(255, 2.90, '2024-06-02', 127, 3), 
(256, 3.10, '2024-06-02', 127, 4),
(257, 1.85, '2024-06-02', 128, 5), 
(258, 1.75, '2024-06-02', 128, 1),
(259, 4.20, '2024-06-02', 129, 2), 
(260, 4.50, '2024-06-02', 129, 3),
(261, 3.80, '2024-06-02', 130, 4), 
(262, 3.95, '2024-06-02', 130, 5),
(263, 5.10, '2024-06-02', 131, 1), 
(264, 5.40, '2024-06-02', 131, 2),
(265, 1.25, '2024-06-02', 132, 3), 
(266, 1.35, '2024-06-02', 132, 4),
(267, 1.95, '2024-06-02', 133, 5), 
(268, 2.10, '2024-06-02', 133, 1),
(269, 2.45, '2024-06-02', 134, 2), 
(270, 2.60, '2024-06-02', 134, 3),
(271, 2.20, '2024-06-02', 135, 4), 
(272, 2.35, '2024-06-02', 135, 5),
(273, 1.10, '2024-06-02', 136, 1), 
(274, 1.20, '2024-06-02', 136, 2),
(275, 0.90, '2024-06-02', 137, 3), 
(276, 0.95, '2024-06-02', 137, 4),
(277, 1.65, '2024-06-02', 138, 5), 
(278, 1.80, '2024-06-02', 138, 1),
(279, 1.45, '2024-06-02', 139, 2), 
(280, 1.55, '2024-06-02', 139, 3),
(281, 0.85, '2024-06-02', 140, 4), 
(282, 0.90, '2024-06-02', 140, 5),
(283, 1.25, '2024-06-02', 141, 1), 
(284, 1.35, '2024-06-02', 141, 2),
(285, 1.75, '2024-06-02', 142, 3), 
(286, 1.85, '2024-06-02', 142, 4),
(287, 1.10, '2024-06-02', 143, 5), 
(288, 1.20, '2024-06-02', 143, 1),
(289, 0.95, '2024-06-02', 144, 2), 
(290, 1.05, '2024-06-02', 144, 3),
(291, 0.85, '2024-06-02', 145, 4), 
(292, 0.90, '2024-06-02', 145, 5),
(293, 3.50, '2024-06-02', 146, 1), 
(294, 3.80, '2024-06-02', 146, 2),
(295, 2.10, '2024-06-02', 147, 3), 
(296, 2.25, '2024-06-02', 147, 4),
(297, 1.45, '2024-06-02', 148, 5), 
(298, 1.55, '2024-06-02', 148, 1),
(299, 1.20, '2024-06-02', 149, 2), 
(300, 1.30, '2024-06-02', 149, 3),
(301, 1.15, '2024-06-02', 150, 4), 
(302, 1.25, '2024-06-02', 150, 5),
(303, 1.50, '2024-06-02', 151, 1), 
(304, 1.65, '2024-06-02', 151, 2),
(305, 4.50, '2024-06-02', 152, 3), 
(306, 4.80, '2024-06-02', 152, 4),
(307, 3.20, '2024-06-02', 153, 5), 
(308, 3.45, '2024-06-02', 153, 1),
(309, 2.95, '2024-06-02', 154, 2), 
(310, 3.15, '2024-06-02', 154, 3),
(311, 6.50, '2024-06-02', 155, 4), 
(312, 6.80, '2024-06-02', 155, 5),
(313, 15.50, '2024-06-02', 156, 1), 
(314, 16.20, '2024-06-02', 156, 2),
(315, 12.80, '2024-06-02', 157, 3), 
(316, 13.50, '2024-06-02', 157, 4),
(317, 14.20, '2024-06-02', 158, 5), 
(318, 14.95, '2024-06-02', 158, 1),
(319, 1.10, '2024-06-02', 159, 2), 
(320, 1.25, '2024-06-02', 159, 3),
(321, 0.85, '2024-06-02', 160, 4), 
(322, 0.90, '2024-06-02', 160, 5),
(323, 2.20, '2024-06-02', 161, 1), 
(324, 2.35, '2024-06-02', 161, 2),
(325, 1.65, '2024-06-02', 162, 3), 
(326, 1.80, '2024-06-02', 162, 4),
(327, 0.95, '2024-06-02', 163, 5), 
(328, 1.05, '2024-06-02', 163, 1),
(329, 1.10, '2024-06-02', 164, 2), 
(330, 1.20, '2024-06-02', 164, 3),
(331, 3.45, '2024-06-02', 165, 4), 
(332, 3.60, '2024-06-02', 165, 5),
(333, 4.20, '2024-06-02', 166, 1), 
(334, 4.50, '2024-06-02', 166, 2),
(335, 2.50, '2024-06-02', 167, 3), 
(336, 2.75, '2024-06-02', 167, 4),
(337, 1.80, '2024-06-02', 168, 5), 
(338, 1.95, '2024-06-02', 168, 1),
(339, 1.25, '2024-06-02', 169, 2), 
(340, 1.35, '2024-06-02', 169, 3),
(341, 1.10, '2024-06-02', 170, 4), 
(342, 1.20, '2024-06-02', 170, 5),
(343, 0.95, '2024-06-02', 171, 1), 
(344, 1.05, '2024-06-02', 171, 2),
(345, 1.45, '2024-06-02', 172, 3), 
(346, 1.55, '2024-06-02', 172, 4),
(347, 2.20, '2024-06-02', 173, 5), 
(348, 2.40, '2024-06-02', 173, 1),
(349, 1.15, '2024-06-02', 174, 2), 
(350, 1.30, '2024-06-02', 174, 3),
(351, 1.95, '2024-06-02', 175, 4), 
(352, 2.10, '2024-06-02', 175, 5),
(353, 3.40, '2024-06-02', 176, 1), 
(354, 3.65, '2024-06-02', 176, 2),
(355, 2.80, '2024-06-02', 177, 3), 
(356, 2.95, '2024-06-02', 177, 4),
(357, 1.65, '2024-06-02', 178, 5), 
(358, 1.80, '2024-06-02', 178, 1),
(359, 4.20, '2024-06-02', 179, 2), 
(360, 4.45, '2024-06-02', 179, 3),
(361, 3.50, '2024-06-02', 180, 4), 
(362, 3.75, '2024-06-02', 180, 5),
(363, 1.25, '2024-06-02', 181, 1), 
(364, 1.35, '2024-06-02', 181, 2),
(365, 2.10, '2024-06-02', 182, 3), 
(366, 2.25, '2024-06-02', 182, 4),
(367, 12.50, '2024-06-02', 183, 5), 
(368, 12.95, '2024-06-02', 183, 1),
(369, 3.80, '2024-06-02', 184, 2), 
(370, 4.10, '2024-06-02', 184, 3),
(371, 7.50, '2024-06-02', 185, 4), 
(372, 7.80, '2024-06-02', 185, 5),
(373, 5.20, '2024-06-02', 186, 1), 
(374, 5.50, '2024-06-02', 186, 2),
(375, 1.45, '2024-06-02', 187, 3), 
(376, 1.60, '2024-06-02', 187, 4),
(377, 2.50, '2024-06-02', 188, 5), 
(378, 2.75, '2024-06-02', 188, 1),
(379, 3.20, '2024-06-02', 189, 2), 
(380, 3.45, '2024-06-02', 189, 3),
(381, 1.10, '2024-06-02', 190, 4), 
(382, 1.25, '2024-06-02', 190, 5),
(383, 4.50, '2024-06-02', 191, 1), 
(384, 4.80, '2024-06-02', 191, 2),
(385, 0.95, '2024-06-02', 192, 3), 
(386, 1.05, '2024-06-02', 192, 4),
(387, 3.80, '2024-06-02', 193, 5), 
(388, 4.10, '2024-06-02', 193, 1),
(389, 2.95, '2024-06-02', 194, 2), 
(390, 3.20, '2024-06-02', 194, 3),
(391, 0.75, '2024-06-02', 195, 4), 
(392, 0.85, '2024-06-02', 195, 5),
(393, 1.50, '2024-06-02', 196, 1), 
(394, 1.65, '2024-06-02', 196, 2),
(395, 1.25, '2024-06-02', 197, 3), 
(396, 1.40, '2024-06-02', 197, 4),
(397, 1.95, '2024-06-02', 198, 5), 
(398, 2.15, '2024-06-02', 198, 1),
(399, 0.60, '2024-06-02', 199, 2), 
(400, 0.75, '2024-06-02', 199, 3),
(401, 2.50, '2024-06-02', 200, 4), 
(402, 2.80, '2024-06-02', 200, 5),
(403, 1.95, '2024-06-02', 201, 1), 
(404, 2.10, '2024-06-02', 201, 2),
(405, 0.85, '2024-06-02', 202, 3), 
(406, 0.95, '2024-06-02', 202, 4);

INSERT INTO Product_Supermarket (id, price, date, product_id, supermarket_id) VALUES 
(1, 1.5, '2024-06-01', 1, 1),
(2, 1.6, '2024-06-01', 1, 2),
(3, 1.4, '2024-06-01', 1, 3),
(4, 1.4, '2024-06-01', 1, 4),
(5, 1.4, '2024-06-01', 2, 5);


-- Primer carrito: Compra Semanal Básica
INSERT INTO Cart (name, date, total, user_id) 
VALUES ('Compra Semanal Super', '2026-03-18 10:45:00', 21.95, 2);

-- Segundo carrito: Compra Especial (Cena/Evento)
INSERT INTO Cart (name, date, total, user_id) 
VALUES ('Compra Cena Amigos', '2026-03-18 09:15:00', 10.8, 2);

-- Tercer carrito para el usuario 2 (Vacío)
INSERT INTO Cart (name, date, total, user_id) 
VALUES ('Lista de Deseos Vacía', '2026-03-18 08:10:00', 0.0, 2);

-- Productos para el Carrito 1 (Compra Semanal Super - Total 21.95)
INSERT INTO Product_Cart (cart_id, product_id, quantity, subtotal) VALUES 
(1, 1, 2, 13.00), -- 2 packs de leche
(1, 2, 1, 8.95);  -- 1 de pollo (el resto hasta 21.95 serían otros productos)

-- Productos para el Carrito 2 (Compra Cena Amigos - Total 10.8)
INSERT INTO Product_Cart (cart_id, product_id, quantity, subtotal) VALUES 
(2, 3, 2, 3.3), -- 2 packs de refrescos
(2, 4, 3, 7.5); -- 3 de snacks

