-- insert admin (username a, password aa)
INSERT INTO IWUser (id, enabled, roles, username, password)
VALUES (1, TRUE, 'ADMIN,USER', 'a',
    '{bcrypt}$2a$10$2BpNTbrsarbHjNsUWgzfNubJqBRf.0Vz9924nRSHBqlbPKerkgX.W');
INSERT INTO IWUser (id, enabled, roles, username, password)
VALUES (2, TRUE, 'USER', 'b',
    '{bcrypt}$2a$10$2BpNTbrsarbHjNsUWgzfNubJqBRf.0Vz9924nRSHBqlbPKerkgX.W');

-- start id numbering from a value that is larger than any assigned above
ALTER SEQUENCE "PUBLIC"."GEN" RESTART WITH 1024;



INSERT INTO Product (id, ean, imageurl, name) VALUES
(1, '8410000000012', 'https://picsum.photos/200?sig=1', 'Leche Semidesnatada'),
(2, '8410000000013', 'https://picsum.photos/200?sig=1', 'Leche Entera'),
(3, '8410000000003', 'https://picsum.photos/200?sig=3', 'Arroz Integral 1kg'),
(4, '8410000000004', 'https://picsum.photos/200?sig=4', 'Pasta Penne 500g'),
(5, '8410000000005', 'https://picsum.photos/200?sig=5', 'Tomate Frito Receta Artesana'),
(6, '8410000000006', 'https://picsum.photos/200?sig=6', 'Aceite de Oliva Virgen 1L'),
(7, '8410000000007', 'https://picsum.photos/200?sig=7', 'Atún en Aceite de Oliva Pack 3'),
(8, '8410000000008', 'https://picsum.photos/200?sig=8', 'Pan de Molde Blanco Sin Corteza'),
(9, '8410000000009', 'https://picsum.photos/200?sig=9', 'Huevos Camperos Docena L'),
(10, '8410000000010', 'https://picsum.photos/200?sig=10', 'Yogur Griego Natural Pack 6'),
(11, '8410000000011', 'https://picsum.photos/200?sig=11', 'Manzana Fuji Bolsa 1.5kg'),
(12, '8410000000014', 'https://picsum.photos/200?sig=12', 'Plátano de Canarias Extra'),
(13, '8410000000015', 'https://picsum.photos/200?sig=13', 'Pollo Entero de Corral'),
(14, '8410000000016', 'https://picsum.photos/200?sig=14', 'Detergente Líquido Activo 40 Lavados'),
(15, '8410000000017', 'https://picsum.photos/200?sig=15', 'Champú Nutritivo 400ml'),
(16, '8410000000018', 'https://picsum.photos/200?sig=16', 'Papel Higiénico Doble Capa 12 rollos'),
(17, '8410000000019', 'https://picsum.photos/200?sig=17', 'Cerveza Lager Pack 12 Latas'),
(18, '8410000000020', 'https://picsum.photos/200?sig=18', 'Refresco de Naranja 2L'),
(19, '8410000000021', 'https://picsum.photos/200?sig=19', 'Galletas Tipo Digestive 800g'),
(20, '8410000000022', 'https://picsum.photos/200?sig=20', 'Café en Grano Tueste Natural'),
(21, '8410000000023', 'https://picsum.photos/200?sig=21', 'Harina de Trigo Repostería'),
(22, '8410000000024', 'https://picsum.photos/200?sig=22', 'Azúcar Blanco 1kg'),
(23, '8410000000025', 'https://picsum.photos/200?sig=23', 'Sal Fina de Mesa 1kg'),
(24, '8410000000026', 'https://picsum.photos/200?sig=24', 'Garbanzos Cocidos Frasco 400g'),
(25, '8410000000027', 'https://picsum.photos/200?sig=25', 'Lentejas Pardinas 1kg'),
(26, '8410000000028', 'https://picsum.photos/200?sig=26', 'Judías Verdes Congeladas'),
(27, '8410000000029', 'https://picsum.photos/200?sig=27', 'Guisantes Extra Finos'),
(28, '8410000000030', 'https://picsum.photos/200?sig=28', 'Maíz Dulce Pack 3'),
(29, '8410000000031', 'https://picsum.photos/200?sig=29', 'Pimientos del Piquillo'),
(30, '8410000000032', 'https://picsum.photos/200?sig=30', 'Espárragos Blancos Gruesos'),
(31, '8410000000033', 'https://picsum.photos/200?sig=31', 'Mermelada de Fresa 350g'),
(32, '8410000000034', 'https://picsum.photos/200?sig=32', 'Mantequilla con Sal 250g'),
(33, '8410000000035', 'https://picsum.photos/200?sig=33', 'Queso Manchego Cuña 300g'),
(34, '8410000000036', 'https://picsum.photos/200?sig=34', 'Jamón Cocido Lonchas 200g'),
(35, '8410000000037', 'https://picsum.photos/200?sig=35', 'Pechuga de Pavo Lonchas'),
(36, '8410000000038', 'https://picsum.photos/200?sig=36', 'Chorizo Dulce Sarta'),
(37, '8410000000039', 'https://picsum.photos/200?sig=37', 'Salchichas Frankfurt Pack 6'),
(38, '8410000000040', 'https://picsum.photos/200?sig=38', 'Pizza Cuatro Quesos Refrigerada'),
(39, '8410000000041', 'https://picsum.photos/200?sig=39', 'Patatas Fritas Bolsa 170g'),
(40, '8410000000042', 'https://picsum.photos/200?sig=40', 'Chocolate con Almendras 200g'),
(41, '8410000000043', 'https://picsum.photos/200?sig=41', 'Cacao Soluble 1kg'),
(42, '8410000000044', 'https://picsum.photos/200?sig=42', 'Cereales de Maíz Tostado'),
(43, '8410000000045', 'https://picsum.photos/200?sig=43', 'Barritas de Muesli Pack 6'),
(44, '8410000000046', 'https://picsum.photos/200?sig=44', 'Zumo de Piña y Coco 1L'),
(45, '8410000000047', 'https://picsum.photos/200?sig=45', 'Agua Mineral Natural 1.5L'),
(46, '8410000000048', 'https://picsum.photos/200?sig=46', 'Vino Tinto Rioja Crianza'),
(47, '8410000000049', 'https://picsum.photos/200?sig=47', 'Lavavajillas a Mano 750ml'),
(48, '8410000000050', 'https://picsum.photos/200?sig=48', 'Suavizante Concentrado Azul'),
(49, '8410000000051', 'https://picsum.photos/200?sig=49', 'Limpiacristales con Difusor'),
(50, '8410000000052', 'https://picsum.photos/200?sig=50', 'Bolsas de Basura 30L'),
(51, '8410000000053', 'https://picsum.photos/200?sig=51', 'Pastillas Lavavajillas All in 1'),
(52, '8410000000054', 'https://picsum.photos/200?sig=52', 'Gel de Baño Familiar 1L'),
(53, '8410000000055', 'https://picsum.photos/200?sig=53', 'Pasta de Dientes Protección Total'),
(54, '8410000000056', 'https://picsum.photos/200?sig=54', 'Desodorante Roll-on 50ml'),
(55, '8410000000057', 'https://picsum.photos/200?sig=55', 'Papel de Cocina 2 rollos'),
(56, '8410000000058', 'https://picsum.photos/200?sig=56', 'Servilletas de Papel 100u'),
(57, '8410000000059', 'https://picsum.photos/200?sig=57', 'Mayonesa Clásica 450ml'),
(58, '8410000000060', 'https://picsum.photos/200?sig=58', 'Kétchup Bote Antigoteo'),
(59, '8410000000061', 'https://picsum.photos/200?sig=59', 'Mostaza Original 250g'),
(60, '8410000000062', 'https://picsum.photos/200?sig=60', 'Aceitunas Verdes Rellenas'),
(61, '8410000000063', 'https://picsum.photos/200?sig=61', 'Vinagre de Manzana 500ml'),
(62, '8410000000064', 'https://picsum.photos/200?sig=62', 'Salmón Ahumado 100g'),
(63, '8410000000065', 'https://picsum.photos/200?sig=63', 'Gambas Congeladas Peladas'),
(64, '8410000000066', 'https://picsum.photos/200?sig=64', 'Varitas de Pescado 10u'),
(65, '8410000000067', 'https://picsum.photos/200?sig=65', 'Lomo de Cerdo Adobado'),
(66, '8410000000068', 'https://picsum.photos/200?sig=66', 'Carne Picada Vacuno/Cerdo'),
(67, '8410000000069', 'https://picsum.photos/200?sig=67', 'Filetes de Ternera Extra'),
(68, '8410000000070', 'https://picsum.photos/200?sig=68', 'Cebollas Bolsa 2kg'),
(69, '8410000000071', 'https://picsum.photos/200?sig=69', 'Ajos Malla 3 cabezas'),
(70, '8410000000072', 'https://picsum.photos/200?sig=70', 'Zanahorias Bolsa 1kg'),
(71, '8410000000073', 'https://picsum.photos/200?sig=71', 'Patatas Saco 5kg'),
(72, '8410000000074', 'https://picsum.photos/200?sig=72', 'Lechuga Iceberg Unidad'),
(73, '8410000000075', 'https://picsum.photos/200?sig=73', 'Tomate de Ensalada 1kg'),
(74, '8410000000076', 'https://picsum.photos/200?sig=74', 'Pepino Unidad'),
(75, '8410000000077', 'https://picsum.photos/200?sig=75', 'Calabacín 1kg'),
(76, '8410000000078', 'https://picsum.photos/200?sig=76', 'Berenjena Unidad'),
(77, '8410000000079', 'https://picsum.photos/200?sig=77', 'Pimientos Verdes Fritura'),
(78, '8410000000080', 'https://picsum.photos/200?sig=78', 'Limones Malla 1kg'),
(79, '8410000000081', 'https://picsum.photos/200?sig=79', 'Naranjas de Mesa 3kg'),
(80, '8410000000082', 'https://picsum.photos/200?sig=80', 'Pera Conferencia 1kg'),
(81, '8410000000083', 'https://picsum.photos/200?sig=81', 'Uva Blanca Sin Semilla'),
(82, '8410000000084', 'https://picsum.photos/200?sig=82', 'Kiwi Zespri Green 1kg'),
(83, '8410000000085', 'https://picsum.photos/200?sig=83', 'Fresas Bandeja 500g'),
(84, '8410000000086', 'https://picsum.photos/200?sig=84', 'Piña Natural Unidad'),
(85, '8410000000087', 'https://picsum.photos/200?sig=85', 'Melón Piel de Sapo'),
(86, '8410000000088', 'https://picsum.photos/200?sig=86', 'Sandía Sin Semillas'),
(87, '8410000000089', 'https://picsum.photos/200?sig=87', 'Magdalenas Caseras 12u'),
(88, '8410000000090', 'https://picsum.photos/200?sig=88', 'Croissants Mantequilla Pack 4'),
(89, '8410000000091', 'https://picsum.photos/200?sig=89', 'Bizcocho de Mármol'),
(90, '8410000000092', 'https://picsum.photos/200?sig=90', 'Donas de Azúcar 4u'),
(91, '8410000000093', 'https://picsum.photos/200?sig=91', 'Nata para Montar 200ml'),
(92, '8410000000094', 'https://picsum.photos/200?sig=92', 'Nata para Cocinar 200ml'),
(93, '8410000000095', 'https://picsum.photos/200?sig=93', 'Queso Rallado Emmental'),
(94, '8410000000096', 'https://picsum.photos/200?sig=94', 'Queso Crema para Untar'),
(95, '8410000000097', 'https://picsum.photos/200?sig=95', 'Quesitos en Porciones 16u'),
(96, '8410000000098', 'https://picsum.photos/200?sig=96', 'Flan de Huevo Pack 4'),
(97, '8410000000099', 'https://picsum.photos/200?sig=97', 'Natillas de Vainilla 4u'),
(98, '8410000000100', 'https://picsum.photos/200?sig=98', 'Arroz con Leche 2u'),
(99, '8410000000101', 'https://picsum.photos/200?sig=99', 'Gelatina de Fresas Pack 6'),
(100, '8410000000102', 'https://picsum.photos/200?sig=100', 'Hummus de Garbanzos 200g'),
(101, '8410000000103', 'https://picsum.photos/200?sig=101', 'Guacamole Fresco 200g'),
(102, '8410000000104', 'https://picsum.photos/200?sig=102', 'Gazpacho Fresco 1L'),
(103, '8410000000105', 'https://picsum.photos/200?sig=103', 'Salmorejo Cordobés 1L'),
(104, '8410000000106', 'https://picsum.photos/200?sig=104', 'Tortilla de Patatas con Cebolla'),
(105, '8410000000107', 'https://picsum.photos/200?sig=105', 'Lasaña Boloñesa 400g'),
(106, '8410000000108', 'https://picsum.photos/200?sig=106', 'Canelones de Carne 400g'),
(107, '8410000000109', 'https://picsum.photos/200?sig=107', 'Nuggets de Pollo 300g'),
(108, '8410000000110', 'https://picsum.photos/200?sig=108', 'Croquetas de Jamón 500g'),
(109, '8410000000111', 'https://picsum.photos/200?sig=109', 'Empanada de Atún'),
(110, '8410000000112', 'https://picsum.photos/200?sig=110', 'Caldo de Pollo 1L'),
(111, '8410000000113', 'https://picsum.photos/200?sig=111', 'Crema de Calabaza 500ml'),
(112, '8410000000114', 'https://picsum.photos/200?sig=112', 'Sopa de Estrellitas'),
(113, '8410000000115', 'https://picsum.photos/200?sig=113', 'Puré de Patatas Instantáneo'),
(114, '8410000000116', 'https://picsum.photos/200?sig=114', 'Fideos Orientales Sabor Pollo'),
(115, '8410000000117', 'https://picsum.photos/200?sig=115', 'Salsa de Soja 250ml'),
(116, '8410000000118', 'https://picsum.photos/200?sig=116', 'Leche de Coco 400ml'),
(117, '8410000000119', 'https://picsum.photos/200?sig=117', 'Alga Nori 5 láminas'),
(118, '8410000000120', 'https://picsum.photos/200?sig=118', 'Wasabi en Pasta'),
(119, '8410000000121', 'https://picsum.photos/200?sig=119', 'Pan Rallado Crujiente'),
(120, '8410000000122', 'https://picsum.photos/200?sig=120', 'Colorante Alimentario'),
(121, '8410000000123', 'https://picsum.photos/200?sig=121', 'Canela en Polvo 50g'),
(122, '8410000000124', 'https://picsum.photos/200?sig=122', 'Orégano Seco 20g'),
(123, '8410000000125', 'https://picsum.photos/200?sig=123', 'Perejil Picado 10g'),
(124, '8410000000126', 'https://picsum.photos/200?sig=124', 'Pimentón de la Vera Dulce'),
(125, '8410000000127', 'https://picsum.photos/200?sig=125', 'Sal Maldon 125g'),
(126, '8410000000128', 'https://picsum.photos/200?sig=126', 'Miel de Abeja Milflores'),
(127, '8410000000129', 'https://picsum.photos/200?sig=127', 'Sirope de Ágave 250ml'),
(128, '8410000000130', 'https://picsum.photos/200?sig=128', 'Membrillo Dulce 400g'),
(129, '8410000000131', 'https://picsum.photos/200?sig=129', 'Nueces Peladas 200g'),
(130, '8410000000132', 'https://picsum.photos/200?sig=130', 'Almendras Tostadas Sin Sal'),
(131, '8410000000133', 'https://picsum.photos/200?sig=131', 'Pistachos Tostados 150g'),
(132, '8410000000134', 'https://picsum.photos/200?sig=132', 'Cacahuetes Fritos con Sal'),
(133, '8410000000135', 'https://picsum.photos/200?sig=133', 'Pasas de Corinto 200g'),
(134, '8410000000136', 'https://picsum.photos/200?sig=134', 'Dátiles Deshuesados'),
(135, '8410000000137', 'https://picsum.photos/200?sig=135', 'Orejones de Albaricoque'),
(136, '8410000000138', 'https://picsum.photos/200?sig=136', 'Palomitas Maíz Microondas'),
(137, '8410000000139', 'https://picsum.photos/200?sig=137', 'Gusanitos de Maíz Horneados'),
(138, '8410000000140', 'https://picsum.photos/200?sig=138', 'Nachos de Maíz Naturales'),
(139, '8410000000141', 'https://picsum.photos/200?sig=139', 'Salsa para Dip Cheese'),
(140, '8410000000142', 'https://picsum.photos/200?sig=140', 'Picos de Pan 250g'),
(141, '8410000000143', 'https://picsum.photos/200?sig=141', 'Regañás con Sésamo'),
(142, '8410000000144', 'https://picsum.photos/200?sig=142', 'Tortitas de Arroz e Infusión'),
(143, '8410000000145', 'https://picsum.photos/200?sig=143', 'Té Verde con Limón 20u'),
(144, '8410000000146', 'https://picsum.photos/200?sig=144', 'Infusión de Manzanilla'),
(145, '8410000000147', 'https://picsum.photos/200?sig=145', 'Poleo Menta 20u'),
(146, '8410000000148', 'https://picsum.photos/200?sig=146', 'Cápsulas de Café Intenso'),
(147, '8410000000149', 'https://picsum.photos/200?sig=147', 'Café Soluble Descafeinado'),
(148, '8410000000150', 'https://picsum.photos/200?sig=148', 'Horchata de Chufa 1L'),
(149, '8410000000151', 'https://picsum.photos/200?sig=149', 'Bebida de Avena Sin Azúcar'),
(150, '8410000000152', 'https://picsum.photos/200?sig=150', 'Bebida de Soja Calcio'),
(151, '8410000000153', 'https://picsum.photos/200?sig=151', 'Bebida de Almendras 1L'),
(152, '8410000000154', 'https://picsum.photos/200?sig=152', 'Vino Blanco Rueda'),
(153, '8410000000155', 'https://picsum.photos/200?sig=153', 'Vino Rosado Afrutado'),
(154, '8410000000156', 'https://picsum.photos/200?sig=154', 'Sidra Asturiana 750ml'),
(155, '8410000000157', 'https://picsum.photos/200?sig=155', 'Vermouth Tinto 1L'),
(156, '8410000000158', 'https://picsum.photos/200?sig=156', 'Ginebra Premium 70cl'),
(157, '8410000000159', 'https://picsum.photos/200?sig=157', 'Ron Añejo 70cl'),
(158, '8410000000160', 'https://picsum.photos/200?sig=158', 'Whisky Escocés 70cl'),
(159, '8410000000161', 'https://picsum.photos/200?sig=159', 'Tónica Original Pack 6'),
(160, '8410000000162', 'https://picsum.photos/200?sig=160', 'Gaseosa Tradicional 1.5L'),
(161, '8410000000163', 'https://picsum.photos/200?sig=161', 'Quitagrasas Limón Spray'),
(162, '8410000000164', 'https://picsum.photos/200?sig=162', 'Fregasuelos Perfumado 1.5L'),
(163, '8410000000165', 'https://picsum.photos/200?sig=163', 'Amoniaco Perfumado 1L'),
(164, '8410000000166', 'https://picsum.photos/200?sig=164', 'Lejía Blanca 2L'),
(165, '8410000000167', 'https://picsum.photos/200?sig=165', 'Insecticida Multihogar'),
(166, '8410000000168', 'https://picsum.photos/200?sig=166', 'Ambientador Eléctrico Recambio'),
(167, '8410000000169', 'https://picsum.photos/200?sig=167', 'Velas Perfumadas Vainilla'),
(168, '8410000000170', 'https://picsum.photos/200?sig=168', 'Papel Aluminio 30m'),
(169, '8410000000171', 'https://picsum.photos/200?sig=169', 'Film Transparente 50m'),
(170, '8410000000172', 'https://picsum.photos/200?sig=170', 'Papel de Horno Antiadherente'),
(171, '8410000000173', 'https://picsum.photos/200?sig=171', 'Estropajo Fibra Verde Pack 3'),
(172, '8410000000174', 'https://picsum.photos/200?sig=172', 'Bayetas Multiusos Pack 3'),
(173, '8410000000175', 'https://picsum.photos/200?sig=173', 'Guantes de Látex Talla M'),
(174, '8410000000176', 'https://picsum.photos/200?sig=174', 'Esponja de Baño Suave'),
(175, '8410000000177', 'https://picsum.photos/200?sig=175', 'Jabón de Manos Dosificador'),
(176, '8410000000178', 'https://picsum.photos/200?sig=176', 'Enjuague Bucal Menta Fresh'),
(177, '8410000000179', 'https://picsum.photos/200?sig=177', 'Cuchillas de Afeitar 5u'),
(178, '8410000000180', 'https://picsum.photos/200?sig=178', 'Espuma de Afeitar Piel Sensible'),
(179, '8410000000181', 'https://picsum.photos/200?sig=179', 'Compresas Alas Noche'),
(180, '8410000000182', 'https://picsum.photos/200?sig=180', 'Tampones Súper 16u'),
(181, '8410000000183', 'https://picsum.photos/200?sig=181', 'Salvaslips Normal 40u'),
(182, '8410000000184', 'https://picsum.photos/200?sig=182', 'Toallitas Húmedas Bebé 72u'),
(183, '8410000000185', 'https://picsum.photos/200?sig=183', 'Pañales Talla 4 (9-14kg)'),
(184, '8410000000186', 'https://picsum.photos/200?sig=184', 'Comida para Gatos Buey 2kg'),
(185, '8410000000187', 'https://picsum.photos/200?sig=185', 'Pienso para Perros Adulto 4kg'),
(186, '8410000000188', 'https://picsum.photos/200?sig=186', 'Arena para Gatos Aglomerante'),
(187, '8410000000189', 'https://picsum.photos/200?sig=187', 'Snacks para Perro Dental'),
(188, '8410000000190', 'https://picsum.photos/200?sig=188', 'Bombilla LED E27 10W'),
(189, '8410000000191', 'https://picsum.photos/200?sig=189', 'Pilas Alcalinas AA Pack 4'),
(190, '8410000000192', 'https://picsum.photos/200?sig=190', 'Mechero de Cocina Largo'),
(191, '8410000000193', 'https://picsum.photos/200?sig=191', 'Carbón Vegetal 3kg'),
(192, '8410000000194', 'https://picsum.photos/200?sig=192', 'Pastillas de Encendido BB'),
(193, '8410000000195', 'https://picsum.photos/200?sig=193', 'Sustrato Universal 10L'),
(194, '8410000000196', 'https://picsum.photos/200?sig=194', 'Fertilizante Plantas Verdes'),
(195, '8410000000197', 'https://picsum.photos/200?sig=195', 'Vaso de Plástico Reutilizable'),
(196, '8410000000198', 'https://picsum.photos/200?sig=196', 'Platos de Cartón Biodegradables'),
(197, '8410000000199', 'https://picsum.photos/200?sig=197', 'Cubiertos de Madera 12u'),
(198, '8410000000200', 'https://picsum.photos/200?sig=198', 'Cepillo de Dientes Bambú'),
(199, '8410000000201', 'https://picsum.photos/200?sig=199', 'Bolsas Reutilizables Compra'),
(200, '8410000000202', 'https://picsum.photos/200?sig=200', 'Mascarillas Higiénicas Pack 10'),
(201, '8410000000203', 'https://picsum.photos/200?sig=201', 'Alcohol Sanitario 70%'),
(202, '8410000000204', 'https://picsum.photos/200?sig=202', 'Algodón en Zig-zag 100g');

INSERT INTO Supermarket (id, name, info) VALUES 
(1, 'Mercadona', 'Supermercado de confianza'),
(2, 'Carrefour', 'Supermercado de confianza'),
(3, 'Lidl', 'Supermercado de confianza'),
(4, 'Dia', 'Supermercado de confianza'),
(5, 'Alcampo', 'Supermercado de confianza');
INSERT INTO Product_Supermarket (id, price, date, product_id, supermarket_id) VALUES 
(6, 1.25, '2024-06-02', 3, 1), 
(7, 1.19, '2024-06-02', 3, 3),
(8, 0.95, '2024-06-02', 4, 2), 
(9, 0.89, '2024-06-02', 4, 4),
(10, 0.75, '2024-06-02', 5, 1), 
(11, 0.80, '2024-06-02', 5, 2), 
(12, 0.72, '2024-06-02', 5, 5),
(13, 8.50, '2024-06-02', 6, 1), 
(14, 8.95, '2024-06-02', 6, 2),
(15, 2.10, '2024-06-02', 7, 3), 
(16, 2.30, '2024-06-02', 7, 5),
(17, 1.45, '2024-06-02', 8, 1), 
(18, 1.60, '2024-06-02', 8, 2),
(19, 3.20, '2024-06-02', 9, 3), 
(20, 3.45, '2024-06-02', 9, 4),
(21, 1.10, '2024-06-02', 10, 1), 
(22, 1.15, '2024-06-02', 10, 5),
(23, 1.85, '2024-06-02', 11, 2), 
(24, 1.70, '2024-06-02', 11, 4),
(25, 2.40, '2024-06-02', 12, 1), 
(26, 2.50, '2024-06-02', 12, 3),
(27, 6.50, '2024-06-02', 13, 2), 
(28, 6.75, '2024-06-02', 13, 5),
(29, 12.30, '2024-06-02', 14, 1), 
(30, 11.90, '2024-06-02', 14, 4),
(31, 3.25, '2024-06-02', 15, 2), 
(32, 3.10, '2024-06-02', 15, 3),
(33, 4.50, '2024-06-02', 16, 1), 
(34, 4.20, '2024-06-02', 16, 5),
(35, 7.80, '2024-06-02', 17, 2), 
(36, 7.50, '2024-06-02', 17, 3),
(37, 1.30, '2024-06-02', 18, 4), 
(38, 1.25, '2024-06-02', 18, 5),
(39, 1.90, '2024-06-02', 19, 1), 
(40, 2.10, '2024-06-02', 19, 2),
(41, 4.50, '2024-06-02', 20, 3), 
(42, 4.80, '2024-06-02', 20, 5),
(43, 0.95, '2024-06-02', 21, 1), 
(44, 0.88, '2024-06-02', 21, 4),
(45, 1.10, '2024-06-02', 22, 2), 
(46, 1.15, '2024-06-02', 22, 5),
(47, 0.60, '2024-06-02', 23, 1), 
(48, 0.55, '2024-06-02', 23, 3),
(49, 1.40, '2024-06-02', 24, 2), 
(50, 1.35, '2024-06-02', 24, 4),
(51, 2.20, '2024-06-02', 25, 3), 
(52, 2.30, '2024-06-02', 25, 5),
(53, 1.50, '2024-06-02', 26, 1), 
(54, 1.65, '2024-06-02', 26, 2),
(55, 1.10, '2024-06-02', 27, 3), 
(56, 1.05, '2024-06-02', 27, 4),
(57, 1.25, '2024-06-02', 28, 5), 
(58, 1.20, '2024-06-02', 28, 1),
(59, 1.80, '2024-06-02', 29, 2), 
(60, 1.75, '2024-06-02', 29, 3),
(61, 3.50, '2024-06-02', 30, 4), 
(62, 3.65, '2024-06-02', 30, 5),
(63, 1.95, '2024-06-02', 31, 1), 
(64, 2.10, '2024-06-02', 31, 2),
(65, 2.50, '2024-06-02', 32, 3), 
(66, 2.40, '2024-06-02', 32, 4),
(67, 4.90, '2024-06-02', 33, 5), 
(68, 5.10, '2024-06-02', 33, 1),
(69, 2.30, '2024-06-02', 34, 2), 
(70, 2.25, '2024-06-02', 34, 3),
(71, 1.85, '2024-06-02', 35, 4), 
(72, 1.95, '2024-06-02', 35, 5),
(73, 3.20, '2024-06-02', 36, 1), 
(74, 3.10, '2024-06-02', 36, 2),
(75, 1.50, '2024-06-02', 37, 3), 
(76, 1.45, '2024-06-02', 37, 4),
(77, 3.95, '2024-06-02', 38, 5), 
(78, 4.10, '2024-06-02', 38, 1),
(79, 1.15, '2024-06-02', 39, 2), 
(80, 1.20, '2024-06-02', 39, 3),
(81, 2.80, '2024-06-02', 40, 4), 
(82, 2.95, '2024-06-02', 40, 5),
(83, 3.50, '2024-06-02', 41, 1), 
(84, 3.40, '2024-06-02', 41, 2),
(85, 2.65, '2024-06-02', 42, 3), 
(86, 2.75, '2024-06-02', 42, 4),
(87, 1.75, '2024-06-02', 43, 5), 
(88, 1.80, '2024-06-02', 43, 1),
(89, 1.45, '2024-06-02', 44, 2), 
(90, 1.40, '2024-06-02', 44, 3),
(91, 0.70, '2024-06-02', 45, 4), 
(92, 0.65, '2024-06-02', 45, 5),
(93, 7.50, '2024-06-02', 46, 1), 
(94, 7.80, '2024-06-02', 46, 2),
(95, 2.30, '2024-06-02', 47, 3), 
(96, 2.15, '2024-06-02', 47, 4),
(97, 3.40, '2024-06-02', 48, 5), 
(98, 3.60, '2024-06-02', 48, 1),
(99, 1.85, '2024-06-02', 49, 2), 
(100, 1.95, '2024-06-02', 49, 3),
(101, 2.10, '2024-06-02', 50, 4), 
(102, 2.00, '2024-06-02', 50, 5),
(103, 9.50, '2024-06-02', 51, 1), 
(104, 9.95, '2024-06-02', 51, 2),
(105, 1.75, '2024-06-02', 52, 3), 
(106, 1.80, '2024-06-02', 52, 4),
(107, 2.90, '2024-06-02', 53, 5), 
(108, 2.85, '2024-06-02', 53, 1),
(109, 2.20, '2024-06-02', 54, 2), 
(110, 2.30, '2024-06-02', 54, 3),
(111, 1.65, '2024-06-02', 55, 4), 
(112, 1.55, '2024-06-02', 55, 5),
(113, 0.90, '2024-06-02', 56, 1), 
(114, 0.95, '2024-06-02', 56, 2),
(115, 1.45, '2024-06-02', 57, 3), 
(116, 1.50, '2024-06-02', 57, 4),
(117, 1.25, '2024-06-02', 58, 5), 
(118, 1.30, '2024-06-02', 58, 1),
(119, 0.85, '2024-06-02', 59, 2), 
(120, 0.90, '2024-06-02', 59, 3),
(121, 1.15, '2024-06-02', 60, 4), 
(122, 1.10, '2024-06-02', 60, 5),
(123, 1.40, '2024-06-02', 61, 1), 
(124, 1.35, '2024-06-02', 61, 2),
(125, 4.50, '2024-06-02', 62, 3), 
(126, 4.75, '2024-06-02', 62, 4),
(127, 8.90, '2024-06-02', 63, 5), 
(128, 9.20, '2024-06-02', 63, 1),
(129, 3.20, '2024-06-02', 64, 2), 
(130, 3.10, '2024-06-02', 64, 3),
(131, 5.50, '2024-06-02', 65, 4), 
(132, 5.65, '2024-06-02', 65, 5),
(133, 6.20, '2024-06-02', 66, 1), 
(134, 6.40, '2024-06-02', 66, 2),
(135, 14.50, '2024-06-02', 67, 3), 
(136, 14.95, '2024-06-02', 67, 4),
(137, 1.80, '2024-06-02', 68, 5), 
(138, 1.70, '2024-06-02', 68, 1),
(139, 0.95, '2024-06-02', 69, 2), 
(140, 0.90, '2024-06-02', 69, 3),
(141, 1.25, '2024-06-02', 70, 4), 
(142, 1.30, '2024-06-02', 70, 5),
(143, 4.50, '2024-06-02', 71, 1), 
(144, 4.20, '2024-06-02', 71, 2),
(145, 0.99, '2024-06-02', 72, 3), 
(146, 1.10, '2024-06-02', 72, 4),
(147, 1.85, '2024-06-02', 73, 5), 
(148, 1.95, '2024-06-02', 73, 1),
(149, 0.75, '2024-06-02', 74, 2), 
(150, 0.80, '2024-06-02', 74, 3),
(151, 1.40, '2024-06-02', 75, 4), 
(152, 1.50, '2024-06-02', 75, 5),
(153, 1.20, '2024-06-02', 76, 1), 
(154, 1.15, '2024-06-02', 76, 2),
(155, 1.65, '2024-06-02', 77, 3), 
(156, 1.70, '2024-06-02', 77, 4),
(157, 1.30, '2024-06-02', 78, 5), 
(158, 1.40, '2024-06-02', 78, 1),
(159, 3.50, '2024-06-02', 79, 2), 
(160, 3.75, '2024-06-02', 79, 3),
(161, 1.80, '2024-06-02', 80, 4), 
(162, 1.70, '2024-06-02', 80, 5),
(163, 2.50, '2024-06-02', 81, 1), 
(164, 2.65, '2024-06-02', 81, 2),
(165, 2.20, '2024-06-02', 82, 3), 
(166, 2.10, '2024-06-02', 82, 4),
(167, 3.40, '2024-06-02', 83, 5), 
(168, 3.60, '2024-06-02', 83, 1),
(169, 1.95, '2024-06-02', 84, 2), 
(170, 2.05, '2024-06-02', 84, 3),
(171, 3.80, '2024-06-02', 85, 4), 
(172, 3.60, '2024-06-02', 85, 5),
(173, 4.20, '2024-06-02', 86, 1), 
(174, 4.50, '2024-06-02', 86, 2),
(175, 1.50, '2024-06-02', 87, 3), 
(176, 1.60, '2024-06-02', 87, 4),
(177, 2.10, '2024-06-02', 88, 5), 
(178, 2.25, '2024-06-02', 88, 1),
(179, 3.95, '2024-06-02', 89, 2), 
(180, 4.10, '2024-06-02', 89, 3),
(181, 2.50, '2024-06-02', 90, 4), 
(182, 2.40, '2024-06-02', 90, 5),
(183, 1.10, '2024-06-02', 91, 1), 
(184, 1.20, '2024-06-02', 91, 2),
(185, 0.95, '2024-06-02', 92, 3), 
(186, 1.00, '2024-06-02', 92, 4),
(187, 1.35, '2024-06-02', 93, 5), 
(188, 1.45, '2024-06-02', 93, 1),
(189, 2.10, '2024-06-02', 94, 2), 
(190, 2.20, '2024-06-02', 94, 3),
(191, 1.80, '2024-06-02', 95, 4), 
(192, 1.70, '2024-06-02', 95, 5),
(193, 1.40, '2024-06-02', 96, 1), 
(194, 1.50, '2024-06-02', 96, 2),
(195, 1.10, '2024-06-02', 97, 3), 
(196, 1.15, '2024-06-02', 97, 4),
(197, 1.25, '2024-06-02', 98, 5), 
(198, 1.30, '2024-06-02', 98, 1),
(199, 1.60, '2024-06-02', 99, 2), 
(200, 1.55, '2024-06-02', 99, 3),
(201, 1.95, '2024-06-02', 100, 4), 
(202, 2.10, '2024-06-02', 100, 5),
(203, 2.50, '2024-06-02', 101, 1), 
(204, 2.40, '2024-06-02', 101, 2),
(205, 3.20, '2024-06-02', 102, 3), 
(206, 3.10, '2024-06-02', 102, 4),
(207, 2.95, '2024-06-02', 103, 5), 
(208, 3.05, '2024-06-02', 103, 1),
(209, 3.50, '2024-06-02', 104, 2), 
(210, 3.65, '2024-06-02', 104, 3),
(211, 4.20, '2024-06-02', 105, 4), 
(212, 4.40, '2024-06-02', 105, 5),
(213, 3.80, '2024-06-02', 106, 1), 
(214, 3.90, '2024-06-02', 106, 2),
(215, 2.50, '2024-06-02', 107, 3), 
(216, 2.65, '2024-06-02', 107, 4),
(217, 3.15, '2024-06-02', 108, 5), 
(218, 3.30, '2024-06-02', 108, 1),
(219, 4.95, '2024-06-02', 109, 2), 
(220, 5.20, '2024-06-02', 109, 3),
(221, 1.10, '2024-06-02', 110, 4), 
(222, 1.20, '2024-06-02', 110, 5),
(223, 2.15, '2024-06-02', 111, 1), 
(224, 2.30, '2024-06-02', 111, 2),
(225, 0.95, '2024-06-02', 112, 3), 
(226, 1.05, '2024-06-02', 112, 4),
(227, 1.45, '2024-06-02', 113, 5), 
(228, 1.35, '2024-06-02', 113, 1),
(229, 0.85, '2024-06-02', 114, 2), 
(230, 0.95, '2024-06-02', 114, 3),
(231, 2.50, '2024-06-02', 115, 4), 
(232, 2.65, '2024-06-02', 115, 5),
(233, 2.10, '2024-06-02', 116, 1), 
(234, 2.25, '2024-06-02', 116, 2),
(235, 3.50, '2024-06-02', 117, 3), 
(236, 3.40, '2024-06-02', 117, 4),
(237, 2.20, '2024-06-02', 118, 5), 
(238, 2.10, '2024-06-02', 118, 1),
(239, 0.95, '2024-06-02', 119, 2), 
(240, 1.05, '2024-06-02', 119, 3),
(241, 1.50, '2024-06-02', 120, 4), 
(242, 1.45, '2024-06-02', 120, 5),
(243, 1.25, '2024-06-02', 121, 1), 
(244, 1.35, '2024-06-02', 121, 2),
(245, 0.85, '2024-06-02', 122, 3), 
(246, 0.95, '2024-06-02', 122, 4),
(247, 0.75, '2024-06-02', 123, 5), 
(248, 0.80, '2024-06-02', 123, 1),
(249, 1.65, '2024-06-02', 124, 2), 
(250, 1.80, '2024-06-02', 124, 3),
(251, 2.10, '2024-06-02', 125, 4), 
(252, 2.25, '2024-06-02', 125, 5),
(253, 3.40, '2024-06-02', 126, 1), 
(254, 3.65, '2024-06-02', 126, 2),
(255, 2.90, '2024-06-02', 127, 3), 
(256, 3.10, '2024-06-02', 127, 4),
(257, 1.85, '2024-06-02', 128, 5), 
(258, 1.75, '2024-06-02', 128, 1),
(259, 4.20, '2024-06-02', 129, 2), 
(260, 4.50, '2024-06-02', 129, 3),
(261, 3.80, '2024-06-02', 130, 4), 
(262, 3.95, '2024-06-02', 130, 5),
(263, 5.10, '2024-06-02', 131, 1), 
(264, 5.40, '2024-06-02', 131, 2),
(265, 1.25, '2024-06-02', 132, 3), 
(266, 1.35, '2024-06-02', 132, 4),
(267, 1.95, '2024-06-02', 133, 5), 
(268, 2.10, '2024-06-02', 133, 1),
(269, 2.45, '2024-06-02', 134, 2), 
(270, 2.60, '2024-06-02', 134, 3),
(271, 2.20, '2024-06-02', 135, 4), 
(272, 2.35, '2024-06-02', 135, 5),
(273, 1.10, '2024-06-02', 136, 1), 
(274, 1.20, '2024-06-02', 136, 2),
(275, 0.90, '2024-06-02', 137, 3), 
(276, 0.95, '2024-06-02', 137, 4),
(277, 1.65, '2024-06-02', 138, 5), 
(278, 1.80, '2024-06-02', 138, 1),
(279, 1.45, '2024-06-02', 139, 2), 
(280, 1.55, '2024-06-02', 139, 3),
(281, 0.85, '2024-06-02', 140, 4), 
(282, 0.90, '2024-06-02', 140, 5),
(283, 1.25, '2024-06-02', 141, 1), 
(284, 1.35, '2024-06-02', 141, 2),
(285, 1.75, '2024-06-02', 142, 3), 
(286, 1.85, '2024-06-02', 142, 4),
(287, 1.10, '2024-06-02', 143, 5), 
(288, 1.20, '2024-06-02', 143, 1),
(289, 0.95, '2024-06-02', 144, 2), 
(290, 1.05, '2024-06-02', 144, 3),
(291, 0.85, '2024-06-02', 145, 4), 
(292, 0.90, '2024-06-02', 145, 5),
(293, 3.50, '2024-06-02', 146, 1), 
(294, 3.80, '2024-06-02', 146, 2),
(295, 2.10, '2024-06-02', 147, 3), 
(296, 2.25, '2024-06-02', 147, 4),
(297, 1.45, '2024-06-02', 148, 5), 
(298, 1.55, '2024-06-02', 148, 1),
(299, 1.20, '2024-06-02', 149, 2), 
(300, 1.30, '2024-06-02', 149, 3),
(301, 1.15, '2024-06-02', 150, 4), 
(302, 1.25, '2024-06-02', 150, 5),
(303, 1.50, '2024-06-02', 151, 1), 
(304, 1.65, '2024-06-02', 151, 2),
(305, 4.50, '2024-06-02', 152, 3), 
(306, 4.80, '2024-06-02', 152, 4),
(307, 3.20, '2024-06-02', 153, 5), 
(308, 3.45, '2024-06-02', 153, 1),
(309, 2.95, '2024-06-02', 154, 2), 
(310, 3.15, '2024-06-02', 154, 3),
(311, 6.50, '2024-06-02', 155, 4), 
(312, 6.80, '2024-06-02', 155, 5),
(313, 15.50, '2024-06-02', 156, 1), 
(314, 16.20, '2024-06-02', 156, 2),
(315, 12.80, '2024-06-02', 157, 3), 
(316, 13.50, '2024-06-02', 157, 4),
(317, 14.20, '2024-06-02', 158, 5), 
(318, 14.95, '2024-06-02', 158, 1),
(319, 1.10, '2024-06-02', 159, 2), 
(320, 1.25, '2024-06-02', 159, 3),
(321, 0.85, '2024-06-02', 160, 4), 
(322, 0.90, '2024-06-02', 160, 5),
(323, 2.20, '2024-06-02', 161, 1), 
(324, 2.35, '2024-06-02', 161, 2),
(325, 1.65, '2024-06-02', 162, 3), 
(326, 1.80, '2024-06-02', 162, 4),
(327, 0.95, '2024-06-02', 163, 5), 
(328, 1.05, '2024-06-02', 163, 1),
(329, 1.10, '2024-06-02', 164, 2), 
(330, 1.20, '2024-06-02', 164, 3),
(331, 3.45, '2024-06-02', 165, 4), 
(332, 3.60, '2024-06-02', 165, 5),
(333, 4.20, '2024-06-02', 166, 1), 
(334, 4.50, '2024-06-02', 166, 2),
(335, 2.50, '2024-06-02', 167, 3), 
(336, 2.75, '2024-06-02', 167, 4),
(337, 1.80, '2024-06-02', 168, 5), 
(338, 1.95, '2024-06-02', 168, 1),
(339, 1.25, '2024-06-02', 169, 2), 
(340, 1.35, '2024-06-02', 169, 3),
(341, 1.10, '2024-06-02', 170, 4), 
(342, 1.20, '2024-06-02', 170, 5),
(343, 0.95, '2024-06-02', 171, 1), 
(344, 1.05, '2024-06-02', 171, 2),
(345, 1.45, '2024-06-02', 172, 3), 
(346, 1.55, '2024-06-02', 172, 4),
(347, 2.20, '2024-06-02', 173, 5), 
(348, 2.40, '2024-06-02', 173, 1),
(349, 1.15, '2024-06-02', 174, 2), 
(350, 1.30, '2024-06-02', 174, 3),
(351, 1.95, '2024-06-02', 175, 4), 
(352, 2.10, '2024-06-02', 175, 5),
(353, 3.40, '2024-06-02', 176, 1), 
(354, 3.65, '2024-06-02', 176, 2),
(355, 2.80, '2024-06-02', 177, 3), 
(356, 2.95, '2024-06-02', 177, 4),
(357, 1.65, '2024-06-02', 178, 5), 
(358, 1.80, '2024-06-02', 178, 1),
(359, 4.20, '2024-06-02', 179, 2), 
(360, 4.45, '2024-06-02', 179, 3),
(361, 3.50, '2024-06-02', 180, 4), 
(362, 3.75, '2024-06-02', 180, 5),
(363, 1.25, '2024-06-02', 181, 1), 
(364, 1.35, '2024-06-02', 181, 2),
(365, 2.10, '2024-06-02', 182, 3), 
(366, 2.25, '2024-06-02', 182, 4),
(367, 12.50, '2024-06-02', 183, 5), 
(368, 12.95, '2024-06-02', 183, 1),
(369, 3.80, '2024-06-02', 184, 2), 
(370, 4.10, '2024-06-02', 184, 3),
(371, 7.50, '2024-06-02', 185, 4), 
(372, 7.80, '2024-06-02', 185, 5),
(373, 5.20, '2024-06-02', 186, 1), 
(374, 5.50, '2024-06-02', 186, 2),
(375, 1.45, '2024-06-02', 187, 3), 
(376, 1.60, '2024-06-02', 187, 4),
(377, 2.50, '2024-06-02', 188, 5), 
(378, 2.75, '2024-06-02', 188, 1),
(379, 3.20, '2024-06-02', 189, 2), 
(380, 3.45, '2024-06-02', 189, 3),
(381, 1.10, '2024-06-02', 190, 4), 
(382, 1.25, '2024-06-02', 190, 5),
(383, 4.50, '2024-06-02', 191, 1), 
(384, 4.80, '2024-06-02', 191, 2),
(385, 0.95, '2024-06-02', 192, 3), 
(386, 1.05, '2024-06-02', 192, 4),
(387, 3.80, '2024-06-02', 193, 5), 
(388, 4.10, '2024-06-02', 193, 1),
(389, 2.95, '2024-06-02', 194, 2), 
(390, 3.20, '2024-06-02', 194, 3),
(391, 0.75, '2024-06-02', 195, 4), 
(392, 0.85, '2024-06-02', 195, 5),
(393, 1.50, '2024-06-02', 196, 1), 
(394, 1.65, '2024-06-02', 196, 2),
(395, 1.25, '2024-06-02', 197, 3), 
(396, 1.40, '2024-06-02', 197, 4),
(397, 1.95, '2024-06-02', 198, 5), 
(398, 2.15, '2024-06-02', 198, 1),
(399, 0.60, '2024-06-02', 199, 2), 
(400, 0.75, '2024-06-02', 199, 3),
(401, 2.50, '2024-06-02', 200, 4), 
(402, 2.80, '2024-06-02', 200, 5),
(403, 1.95, '2024-06-02', 201, 1), 
(404, 2.10, '2024-06-02', 201, 2),
(405, 0.85, '2024-06-02', 202, 3), 
(406, 0.95, '2024-06-02', 202, 4);

INSERT INTO Product_Supermarket (id, price, date, product_id, supermarket_id) VALUES 
(1, 1.5, '2024-06-01', 1, 1),
(2, 1.6, '2024-06-01', 1, 2),
(3, 1.4, '2024-06-01', 1, 3),
(4, 1.4, '2024-06-01', 1, 4),
(5, 1.4, '2024-06-01', 2, 5);


-- Primer carrito: Compra Semanal Básica
INSERT INTO Cart (name, date, total, user_id) 
VALUES ('Compra Semanal Super', '2026-03-18 09:15:00', 42.85, 2);

-- Segundo carrito: Compra Especial (Cena/Evento)
INSERT INTO Cart (name, date, total, user_id) 
VALUES ('Compra Cena Amigos', '2026-03-18 10:45:00', 65.20, 2);

-- Tercer carrito para el usuario 2 (Vacío)
INSERT INTO Cart (name, date, total, user_id) 
VALUES ('Lista de Deseos Vacía', CURRENT_TIMESTAMP, 0.0, 2);

-- Productos para el Carrito 1 (Compra Semanal Super - Total 42.85)
INSERT INTO Product_Cart (cart_id, product_id, quantity, subtotal) VALUES 
(1, 1, 2, 13.00), -- 2 packs de leche
(1, 2, 1, 8.95);  -- 1 de pollo (el resto hasta 42.85 serían otros productos)

-- Productos para el Carrito 2 (Compra Cena Amigos - Total 65.20)
INSERT INTO Product_Cart (cart_id, product_id, quantity, subtotal) VALUES 
(2, 3, 2, 22.50), -- 2 packs de refrescos
(2, 4, 3, 38.10); -- 3 de snacks

